model,scope,cell,task,answers,score_0_100
mistral,current_full,longbench_10,2wikimqa,200,28.489965890108206
mistral,current_full,longbench_10,gov_report,200,26.54490225820975
mistral,current_full,longbench_10,hotpotqa,200,43.548258324206465
mistral,current_full,longbench_10,lcc,500,53.208
mistral,current_full,longbench_10,multi_news,200,21.878071441116006
mistral,current_full,longbench_10,multifieldqa_en,150,34.79068795720617
mistral,current_full,longbench_10,musique,200,21.65987342071653
mistral,current_full,longbench_10,narrativeqa,200,20.685990368420708
mistral,current_full,longbench_10,passage_count,200,5.418771506271506
mistral,current_full,longbench_10,passage_retrieval_en,200,79.0
mistral,current_full,longbench_10,qasper,200,20.784054994932934
mistral,current_full,longbench_10,qmsum,200,22.401785965955572
mistral,current_full,longbench_10,repobench-p,500,52.742
mistral,current_full,longbench_10,samsum,200,30.155975171761487
mistral,current_full,longbench_10,trec,200,47.0
mistral,current_full,longbench_10,triviaqa,200,87.83033963585434
mistral,current_full,longbench_20,2wikimqa,200,36.487066893679795
mistral,current_full,longbench_20,gov_report,200,28.990097069365362
mistral,current_full,longbench_20,hotpotqa,200,46.05827059679227
mistral,current_full,longbench_20,lcc,500,51.0
mistral,current_full,longbench_20,multi_news,200,23.680033699173226
mistral,current_full,longbench_20,multifieldqa_en,150,43.244216179543386
mistral,current_full,longbench_20,musique,200,21.054896561594134
mistral,current_full,longbench_20,narrativeqa,200,23.760929033413554
mistral,current_full,longbench_20,passage_count,200,2.4489996114996115
mistral,current_full,longbench_20,passage_retrieval_en,200,95.0
mistral,current_full,longbench_20,qasper,200,30.110081635851216
mistral,current_full,longbench_20,qmsum,200,23.49440655209865
mistral,current_full,longbench_20,repobench-p,500,52.066
mistral,current_full,longbench_20,samsum,200,24.409940915906077
mistral,current_full,longbench_20,trec,200,52.0
mistral,current_full,longbench_20,triviaqa,200,86.69328346203346
mistral,current_full,ruler16k_10,cwe,500,67.2
mistral,current_full,ruler16k_10,fwe,500,83.13333333333333
mistral,current_full,ruler16k_10,niah_multikey_1,500,14.2
mistral,current_full,ruler16k_10,niah_multikey_2,500,4.6
mistral,current_full,ruler16k_10,niah_multikey_3,500,1.4
mistral,current_full,ruler16k_10,niah_multiquery,500,11.45
mistral,current_full,ruler16k_10,niah_multivalue,500,10.3
mistral,current_full,ruler16k_10,niah_single_1,500,47.8
mistral,current_full,ruler16k_10,niah_single_2,500,29.0
mistral,current_full,ruler16k_10,niah_single_3,500,2.4
mistral,current_full,ruler16k_10,qa_1,500,31.6
mistral,current_full,ruler16k_10,qa_2,500,33.2
mistral,current_full,ruler16k_10,vt,500,16.0
mistral,current_full,ruler16k_20,cwe,500,79.7
mistral,current_full,ruler16k_20,fwe,500,83.06666666666666
mistral,current_full,ruler16k_20,niah_multikey_1,500,60.0
mistral,current_full,ruler16k_20,niah_multikey_2,500,13.6
mistral,current_full,ruler16k_20,niah_multikey_3,500,4.8
mistral,current_full,ruler16k_20,niah_multiquery,500,61.85
mistral,current_full,ruler16k_20,niah_multivalue,500,63.8
mistral,current_full,ruler16k_20,niah_single_1,500,58.4
mistral,current_full,ruler16k_20,niah_single_2,500,74.2
mistral,current_full,ruler16k_20,niah_single_3,500,3.6
mistral,current_full,ruler16k_20,qa_1,500,42.4
mistral,current_full,ruler16k_20,qa_2,500,40.8
mistral,current_full,ruler16k_20,vt,500,87.56
llama,current_observed_subset_not_full_result,longbench_10,2wikimqa,200,33.24020073064191
llama,current_observed_subset_not_full_result,longbench_10,gov_report,200,26.481896210093414
llama,current_observed_subset_not_full_result,longbench_10,hotpotqa,200,52.07954276116041
llama,current_observed_subset_not_full_result,longbench_10,lcc,500,48.394
llama,current_observed_subset_not_full_result,longbench_10,multi_news,200,22.2610080581028
llama,current_observed_subset_not_full_result,longbench_10,multifieldqa_en,150,32.537749972297924
llama,current_observed_subset_not_full_result,longbench_10,musique,200,21.877238883407614
llama,current_observed_subset_not_full_result,longbench_10,narrativeqa,200,29.013744837200594
llama,current_observed_subset_not_full_result,longbench_10,passage_count,200,9.15
llama,current_observed_subset_not_full_result,longbench_10,passage_retrieval_en,200,76.0
llama,current_observed_subset_not_full_result,longbench_10,qasper,200,26.52796802771659
llama,current_observed_subset_not_full_result,longbench_10,qmsum,200,22.453159909908
llama,current_observed_subset_not_full_result,longbench_10,repobench-p,500,45.396
llama,current_observed_subset_not_full_result,longbench_10,samsum,200,42.175155751429514
llama,current_observed_subset_not_full_result,longbench_10,trec,200,40.0
llama,current_observed_subset_not_full_result,longbench_10,triviaqa,200,91.9920634920635
llama,current_observed_subset_not_full_result,longbench_20,2wikimqa,150,43.62475399843821
llama,current_observed_subset_not_full_result,longbench_20,gov_report,150,28.70313986391
llama,current_observed_subset_not_full_result,longbench_20,hotpotqa,150,53.51202094202094
llama,current_observed_subset_not_full_result,longbench_20,lcc,375,52.01866666666667
llama,current_observed_subset_not_full_result,longbench_20,multi_news,150,24.025587724548704
llama,current_observed_subset_not_full_result,longbench_20,multifieldqa_en,129,43.05940601661137
llama,current_observed_subset_not_full_result,longbench_20,musique,150,23.348212281545614
llama,current_observed_subset_not_full_result,longbench_20,narrativeqa,200,29.83502577573785
llama,current_observed_subset_not_full_result,longbench_20,passage_count,150,10.227272727272727
llama,current_observed_subset_not_full_result,longbench_20,passage_retrieval_en,150,95.33333333333333
llama,current_observed_subset_not_full_result,longbench_20,qasper,174,35.354918692307784
llama,current_observed_subset_not_full_result,longbench_20,qmsum,200,23.55807750187515
llama,current_observed_subset_not_full_result,longbench_20,repobench-p,375,46.768
llama,current_observed_subset_not_full_result,longbench_20,samsum,150,42.17377579130042
llama,current_observed_subset_not_full_result,longbench_20,trec,150,43.333333333333336
llama,current_observed_subset_not_full_result,longbench_20,triviaqa,150,90.64280240831964
llama,current_observed_subset_not_full_result,ruler16k_10,cwe,500,18.14
llama,current_observed_subset_not_full_result,ruler16k_10,fwe,500,81.13333333333333
llama,current_observed_subset_not_full_result,ruler16k_10,niah_multikey_1,500,50.8
llama,current_observed_subset_not_full_result,ruler16k_10,niah_multikey_2,500,7.4
llama,current_observed_subset_not_full_result,ruler16k_10,niah_multikey_3,500,2.8
llama,current_observed_subset_not_full_result,ruler16k_10,niah_multiquery,500,45.6
llama,current_observed_subset_not_full_result,ruler16k_10,niah_multivalue,500,45.65
llama,current_observed_subset_not_full_result,ruler16k_10,niah_single_1,500,96.4
llama,current_observed_subset_not_full_result,ruler16k_10,niah_single_2,500,95.8
llama,current_observed_subset_not_full_result,ruler16k_10,niah_single_3,500,2.6
llama,current_observed_subset_not_full_result,ruler16k_10,qa_1,383,26.89295039164491
llama,current_observed_subset_not_full_result,ruler16k_10,qa_2,375,31.733333333333334
llama,current_observed_subset_not_full_result,ruler16k_10,vt,375,87.68
llama,current_observed_subset_not_full_result,ruler16k_20,cwe,375,58.346666666666664
llama,current_observed_subset_not_full_result,ruler16k_20,fwe,375,90.4
llama,current_observed_subset_not_full_result,ruler16k_20,niah_multikey_1,375,94.4
llama,current_observed_subset_not_full_result,ruler16k_20,niah_multikey_2,375,33.86666666666667
llama,current_observed_subset_not_full_result,ruler16k_20,niah_multikey_3,375,14.666666666666666
llama,current_observed_subset_not_full_result,ruler16k_20,niah_multiquery,375,94.33333333333333
llama,current_observed_subset_not_full_result,ruler16k_20,niah_multivalue,375,88.93333333333334
llama,current_observed_subset_not_full_result,ruler16k_20,niah_single_1,375,99.2
llama,current_observed_subset_not_full_result,ruler16k_20,niah_single_2,375,99.73333333333333
llama,current_observed_subset_not_full_result,ruler16k_20,niah_single_3,375,8.8
llama,current_observed_subset_not_full_result,ruler16k_20,qa_1,375,45.6
llama,current_observed_subset_not_full_result,ruler16k_20,qa_2,375,40.53333333333333
llama,current_observed_subset_not_full_result,ruler16k_20,vt,375,97.92
