reference,cell,task,answers,score_0_100
llama_candidate,longbench_10,2wikimqa,200,33.24020073064191
llama_candidate,longbench_10,gov_report,200,26.481896210093414
llama_candidate,longbench_10,hotpotqa,200,52.07954276116041
llama_candidate,longbench_10,lcc,500,48.394
llama_candidate,longbench_10,multi_news,200,22.2610080581028
llama_candidate,longbench_10,multifieldqa_en,150,32.537749972297924
llama_candidate,longbench_10,musique,200,21.877238883407614
llama_candidate,longbench_10,narrativeqa,200,29.013744837200594
llama_candidate,longbench_10,passage_count,200,9.15
llama_candidate,longbench_10,passage_retrieval_en,200,76.0
llama_candidate,longbench_10,qasper,200,26.52796802771659
llama_candidate,longbench_10,qmsum,200,22.453159909908
llama_candidate,longbench_10,repobench-p,500,45.396
llama_candidate,longbench_10,samsum,200,42.175155751429514
llama_candidate,longbench_10,trec,200,40.0
llama_candidate,longbench_10,triviaqa,200,91.9920634920635
llama_candidate,longbench_20,2wikimqa,200,45.241704026967184
llama_candidate,longbench_20,gov_report,200,28.82436605811715
llama_candidate,longbench_20,hotpotqa,200,53.4340157065157
llama_candidate,longbench_20,lcc,500,50.644
llama_candidate,longbench_20,multi_news,200,24.259547051170657
llama_candidate,longbench_20,multifieldqa_en,150,42.67906262790672
llama_candidate,longbench_20,musique,200,27.324373774373775
llama_candidate,longbench_20,narrativeqa,200,29.83502577573785
llama_candidate,longbench_20,passage_count,200,11.170454545454545
llama_candidate,longbench_20,passage_retrieval_en,200,95.5
llama_candidate,longbench_20,qasper,200,35.120806620778524
llama_candidate,longbench_20,qmsum,200,23.55807750187515
llama_candidate,longbench_20,repobench-p,500,45.984
llama_candidate,longbench_20,samsum,200,41.93280358585739
llama_candidate,longbench_20,trec,200,45.5
llama_candidate,longbench_20,triviaqa,200,92.25987958401751
llama_candidate,ruler16k_10,cwe,500,18.14
llama_candidate,ruler16k_10,fwe,500,81.13333333333333
llama_candidate,ruler16k_10,niah_multikey_1,500,50.8
llama_candidate,ruler16k_10,niah_multikey_2,500,7.4
llama_candidate,ruler16k_10,niah_multikey_3,500,2.8
llama_candidate,ruler16k_10,niah_multiquery,500,45.6
llama_candidate,ruler16k_10,niah_multivalue,500,45.65
llama_candidate,ruler16k_10,niah_single_1,500,96.4
llama_candidate,ruler16k_10,niah_single_2,500,95.8
llama_candidate,ruler16k_10,niah_single_3,500,2.6
llama_candidate,ruler16k_10,qa_1,500,25.8
llama_candidate,ruler16k_10,qa_2,500,31.0
llama_candidate,ruler16k_10,vt,500,87.92
llama_candidate,ruler16k_20,cwe,500,58.38
llama_candidate,ruler16k_20,fwe,500,90.8
llama_candidate,ruler16k_20,niah_multikey_1,500,95.4
llama_candidate,ruler16k_20,niah_multikey_2,500,35.0
llama_candidate,ruler16k_20,niah_multikey_3,500,12.6
llama_candidate,ruler16k_20,niah_multiquery,500,94.65
llama_candidate,ruler16k_20,niah_multivalue,500,89.2
llama_candidate,ruler16k_20,niah_single_1,500,99.4
llama_candidate,ruler16k_20,niah_single_2,500,99.8
llama_candidate,ruler16k_20,niah_single_3,500,8.8
llama_candidate,ruler16k_20,qa_1,500,43.0
llama_candidate,ruler16k_20,qa_2,500,41.6
llama_candidate,ruler16k_20,vt,500,97.92
llama_critical,longbench_10,2wikimqa,200,30.438772502007797
llama_critical,longbench_10,gov_report,200,26.32660445757357
llama_critical,longbench_10,hotpotqa,200,52.07703220692351
llama_critical,longbench_10,lcc,500,48.468
llama_critical,longbench_10,multi_news,200,21.463912503719875
llama_critical,longbench_10,multifieldqa_en,150,29.94140714089308
llama_critical,longbench_10,musique,200,20.69317407921493
llama_critical,longbench_10,narrativeqa,200,28.359079456834873
llama_critical,longbench_10,passage_count,200,9.1
llama_critical,longbench_10,passage_retrieval_en,200,72.5
llama_critical,longbench_10,qasper,200,24.41840866604436
llama_critical,longbench_10,qmsum,200,21.85271781493601
llama_critical,longbench_10,repobench-p,500,45.458
llama_critical,longbench_10,samsum,200,41.65968679078274
llama_critical,longbench_10,trec,200,38.5
llama_critical,longbench_10,triviaqa,200,91.4920634920635
llama_critical,longbench_20,2wikimqa,200,42.383670672815406
llama_critical,longbench_20,gov_report,200,28.747936901555434
llama_critical,longbench_20,hotpotqa,200,52.94207153957154
llama_critical,longbench_20,lcc,500,50.706
llama_critical,longbench_20,multi_news,200,23.652000671533592
llama_critical,longbench_20,multifieldqa_en,150,41.896144958184635
llama_critical,longbench_20,musique,200,29.115282865282865
llama_critical,longbench_20,narrativeqa,200,29.458927037874403
llama_critical,longbench_20,passage_count,200,10.670454545454545
llama_critical,longbench_20,passage_retrieval_en,200,95.5
llama_critical,longbench_20,qasper,200,35.61541457126491
llama_critical,longbench_20,qmsum,200,23.343028920013534
llama_critical,longbench_20,repobench-p,500,45.204
llama_critical,longbench_20,samsum,200,42.006605321987315
llama_critical,longbench_20,trec,200,47.5
llama_critical,longbench_20,triviaqa,200,91.50987958401751
llama_critical,ruler16k_10,cwe,500,21.08
llama_critical,ruler16k_10,fwe,500,77.0
llama_critical,ruler16k_10,niah_multikey_1,500,50.4
llama_critical,ruler16k_10,niah_multikey_2,500,6.8
llama_critical,ruler16k_10,niah_multikey_3,500,2.8
llama_critical,ruler16k_10,niah_multiquery,500,44.9
llama_critical,ruler16k_10,niah_multivalue,500,45.4
llama_critical,ruler16k_10,niah_single_1,500,96.6
llama_critical,ruler16k_10,niah_single_2,500,95.2
llama_critical,ruler16k_10,niah_single_3,500,2.6
llama_critical,ruler16k_10,qa_1,500,23.8
llama_critical,ruler16k_10,qa_2,500,30.2
llama_critical,ruler16k_10,vt,500,86.48
llama_critical,ruler16k_20,cwe,500,58.54
llama_critical,ruler16k_20,fwe,500,89.66666666666666
llama_critical,ruler16k_20,niah_multikey_1,500,96.0
llama_critical,ruler16k_20,niah_multikey_2,500,35.8
llama_critical,ruler16k_20,niah_multikey_3,500,12.6
llama_critical,ruler16k_20,niah_multiquery,500,94.5
llama_critical,ruler16k_20,niah_multivalue,500,88.8
llama_critical,ruler16k_20,niah_single_1,500,99.4
llama_critical,ruler16k_20,niah_single_2,500,99.8
llama_critical,ruler16k_20,niah_single_3,500,8.8
llama_critical,ruler16k_20,qa_1,500,40.2
llama_critical,ruler16k_20,qa_2,500,40.0
llama_critical,ruler16k_20,vt,500,97.96
mistral_candidate,longbench_10,2wikimqa,200,28.489965890108206
mistral_candidate,longbench_10,gov_report,200,26.54490225820975
mistral_candidate,longbench_10,hotpotqa,200,43.548258324206465
mistral_candidate,longbench_10,lcc,500,53.208
mistral_candidate,longbench_10,multi_news,200,21.878071441116006
mistral_candidate,longbench_10,multifieldqa_en,150,34.79068795720617
mistral_candidate,longbench_10,musique,200,21.65987342071653
mistral_candidate,longbench_10,narrativeqa,200,20.685990368420708
mistral_candidate,longbench_10,passage_count,200,5.418771506271506
mistral_candidate,longbench_10,passage_retrieval_en,200,79.0
mistral_candidate,longbench_10,qasper,200,20.784054994932934
mistral_candidate,longbench_10,qmsum,200,22.401785965955572
mistral_candidate,longbench_10,repobench-p,500,52.742
mistral_candidate,longbench_10,samsum,200,30.155975171761487
mistral_candidate,longbench_10,trec,200,47.0
mistral_candidate,longbench_10,triviaqa,200,87.83033963585434
mistral_candidate,longbench_20,2wikimqa,200,36.487066893679795
mistral_candidate,longbench_20,gov_report,200,28.990097069365362
mistral_candidate,longbench_20,hotpotqa,200,46.05827059679227
mistral_candidate,longbench_20,lcc,500,51.0
mistral_candidate,longbench_20,multi_news,200,23.680033699173226
mistral_candidate,longbench_20,multifieldqa_en,150,43.244216179543386
mistral_candidate,longbench_20,musique,200,21.054896561594134
mistral_candidate,longbench_20,narrativeqa,200,23.760929033413554
mistral_candidate,longbench_20,passage_count,200,2.4489996114996115
mistral_candidate,longbench_20,passage_retrieval_en,200,95.0
mistral_candidate,longbench_20,qasper,200,30.110081635851216
mistral_candidate,longbench_20,qmsum,200,23.49440655209865
mistral_candidate,longbench_20,repobench-p,500,52.066
mistral_candidate,longbench_20,samsum,200,24.409940915906077
mistral_candidate,longbench_20,trec,200,52.0
mistral_candidate,longbench_20,triviaqa,200,86.69328346203346
mistral_candidate,ruler16k_10,cwe,500,67.2
mistral_candidate,ruler16k_10,fwe,500,83.13333333333333
mistral_candidate,ruler16k_10,niah_multikey_1,500,14.2
mistral_candidate,ruler16k_10,niah_multikey_2,500,4.6
mistral_candidate,ruler16k_10,niah_multikey_3,500,1.4
mistral_candidate,ruler16k_10,niah_multiquery,500,11.45
mistral_candidate,ruler16k_10,niah_multivalue,500,10.3
mistral_candidate,ruler16k_10,niah_single_1,500,47.8
mistral_candidate,ruler16k_10,niah_single_2,500,29.0
mistral_candidate,ruler16k_10,niah_single_3,500,2.4
mistral_candidate,ruler16k_10,qa_1,500,31.6
mistral_candidate,ruler16k_10,qa_2,500,33.2
mistral_candidate,ruler16k_10,vt,500,16.0
mistral_candidate,ruler16k_20,cwe,500,79.7
mistral_candidate,ruler16k_20,fwe,500,83.06666666666666
mistral_candidate,ruler16k_20,niah_multikey_1,500,60.0
mistral_candidate,ruler16k_20,niah_multikey_2,500,13.6
mistral_candidate,ruler16k_20,niah_multikey_3,500,4.8
mistral_candidate,ruler16k_20,niah_multiquery,500,61.85
mistral_candidate,ruler16k_20,niah_multivalue,500,63.8
mistral_candidate,ruler16k_20,niah_single_1,500,58.4
mistral_candidate,ruler16k_20,niah_single_2,500,74.2
mistral_candidate,ruler16k_20,niah_single_3,500,3.6
mistral_candidate,ruler16k_20,qa_1,500,42.4
mistral_candidate,ruler16k_20,qa_2,500,40.8
mistral_candidate,ruler16k_20,vt,500,87.56
mistral_critical,longbench_10,2wikimqa,200,26.424719001802913
mistral_critical,longbench_10,gov_report,200,26.115537834617868
mistral_critical,longbench_10,hotpotqa,200,39.373105936031635
mistral_critical,longbench_10,lcc,500,49.324
mistral_critical,longbench_10,multi_news,200,21.208480313968494
mistral_critical,longbench_10,multifieldqa_en,150,35.00286370697276
mistral_critical,longbench_10,musique,200,17.464151400733545
mistral_critical,longbench_10,narrativeqa,200,15.77586988898723
mistral_critical,longbench_10,passage_count,200,4.058658008658009
mistral_critical,longbench_10,passage_retrieval_en,200,75.0
mistral_critical,longbench_10,qasper,200,18.91490714045178
mistral_critical,longbench_10,qmsum,200,21.371232550884706
mistral_critical,longbench_10,repobench-p,500,51.08
mistral_critical,longbench_10,samsum,200,27.70547073789024
mistral_critical,longbench_10,trec,200,44.25
mistral_critical,longbench_10,triviaqa,200,87.07289272030651
mistral_critical,longbench_20,2wikimqa,200,33.534449785650395
mistral_critical,longbench_20,gov_report,200,28.561544883041094
mistral_critical,longbench_20,hotpotqa,200,45.16267182348691
mistral_critical,longbench_20,lcc,500,49.55
mistral_critical,longbench_20,multi_news,200,23.4551437600554
mistral_critical,longbench_20,multifieldqa_en,150,42.341413729584765
mistral_critical,longbench_20,musique,200,20.131061329818735
mistral_critical,longbench_20,narrativeqa,200,20.10970599713185
mistral_critical,longbench_20,passage_count,200,4.982449494949495
mistral_critical,longbench_20,passage_retrieval_en,200,95.0
mistral_critical,longbench_20,qasper,200,26.82190757481739
mistral_critical,longbench_20,qmsum,200,22.423076245640846
mistral_critical,longbench_20,repobench-p,500,50.562
mistral_critical,longbench_20,samsum,200,22.29101015577484
mistral_critical,longbench_20,trec,200,48.75
mistral_critical,longbench_20,triviaqa,200,87.24160561660561
mistral_critical,ruler16k_10,cwe,500,64.34
mistral_critical,ruler16k_10,fwe,500,79.13333333333333
mistral_critical,ruler16k_10,niah_multikey_1,500,16.0
mistral_critical,ruler16k_10,niah_multikey_2,500,4.6
mistral_critical,ruler16k_10,niah_multikey_3,500,1.2
mistral_critical,ruler16k_10,niah_multiquery,500,12.8
mistral_critical,ruler16k_10,niah_multivalue,500,10.4
mistral_critical,ruler16k_10,niah_single_1,500,50.2
mistral_critical,ruler16k_10,niah_single_2,500,18.6
mistral_critical,ruler16k_10,niah_single_3,500,2.4
mistral_critical,ruler16k_10,qa_1,500,31.2
mistral_critical,ruler16k_10,qa_2,500,33.4
mistral_critical,ruler16k_10,vt,500,24.4
mistral_critical,ruler16k_20,cwe,500,79.46
mistral_critical,ruler16k_20,fwe,500,81.46666666666665
mistral_critical,ruler16k_20,niah_multikey_1,500,50.0
mistral_critical,ruler16k_20,niah_multikey_2,500,12.6
mistral_critical,ruler16k_20,niah_multikey_3,500,4.6
mistral_critical,ruler16k_20,niah_multiquery,500,56.9
mistral_critical,ruler16k_20,niah_multivalue,500,57.85
mistral_critical,ruler16k_20,niah_single_1,500,57.0
mistral_critical,ruler16k_20,niah_single_2,500,55.6
mistral_critical,ruler16k_20,niah_single_3,500,3.2
mistral_critical,ruler16k_20,qa_1,500,40.2
mistral_critical,ruler16k_20,qa_2,500,40.0
mistral_critical,ruler16k_20,vt,500,88.56
